Peer1,Peer2
xeniamad,lycheess
xeniamad,valeride
xeniamad,fredacha
valeride,lycheess
valeride,kossmali
lycheess,kossmali
lycheess,brindape
kossmali,tendyrir
brindape,fredacha
fredacha,lacresha
fredacha,valeride
fredacha,workerco
tressiem,valeride
windhelm,minervab
windhelm,hodorsta
lacresha,jacintaj
brandado,jacintaj
workerco,cseymour
tendyrir,workerco
jacintaj,valeride
omniscie,valeride
cheyksen,cseymour
qsergean,lycheess
qsergean,brindape
minervab,lycheess
hodorsta,cheyksen
lucankri,cheyksen
cseymour,lucankri